{
  "feature_names": [
    "take_cost",
    "take_delta_cardpts",
    "tokens_on_card",
    "tokens_on_card_plus1",
    "deck_left",
    "my_tokens",
    "min_opp_tokens",
    "max_opp_tokens",
    "mean_opp_tokens",
    "token_gap",
    "min_tokens_after_pass",
    "max_tokens_after_pass",
    "token_gap_after_pass",
    "would_be_min_tokens",
    "my_score",
    "min_opp_score",
    "score_gap_to_leader",
    "score_gap_to_leader_norm",
    "has_cards",
    "edges_unknown_self",
    "edges_unknown_self_mul_deck",
    "edges_unknown_opp_min",
    "edges_unknown_opp_max",
    "edges_unknown_opp_mean",
    "lowtoken_term",
    "endgame_frac"
  ],
  "weights": [
    -0.7093382057957289,
    -0.5891247776334102,
    0.17350062996369098,
    0.17350062996369098,
    0.1628749485713564,
    -0.054739430109964966,
    -0.14934275500811917,
    -0.014629129542025996,
    -0.07183191726197749,
    0.0188919735523451,
    -0.06051428008248592,
    0.01420725984654674,
    0.029221003502489844,
    0.016161583772544647,
    0.010815229074115565,
    0.09023799577075874,
    -0.08413321595461674,
    -0.0885434212387808,
    -0.12921762570676393,
    0.05799945797268226,
    0.08374780692291445,
    0.05416988653060759,
    0.03500604761443294,
    0.04403295297123006,
    0.19900172232808805,
    -0.16287494857135645
  ],
  "bias": -0.7670294074226622,
  "mean": [
    14.072916666666666,
    19.385416666666668,
    5.3125,
    6.3125,
    14.57986111111111,
    15.67361111111111,
    2.9652777777777777,
    9.04861111111111,
    6.006944444444445,
    15.569444444444445,
    2.763888888888889,
    17.708333333333332,
    14.944444444444445,
    0.21180555555555555,
    20.569444444444443,
    19.118055555555557,
    1.4513888888888888,
    0.017712543662491323,
    0.8402777777777778,
    3.3472222222222223,
    40.22569444444444,
    1.9895833333333333,
    3.545138888888889,
    2.767361111111111,
    0.0898883718082174,
    0.36609299516908195
  ],
  "std": [
    10.991390056855614,
    11.491575832067877,
    5.9172168171456345,
    5.9172168171456345,
    7.014905557504672,
    8.723634771501105,
    3.0021131318078007,
    6.888325329771051,
    3.82221490430501,
    9.559138136546634,
    2.8173226827549307,
    7.519303861100152,
    9.490329711063328,
    0.40858776559187043,
    21.32784850643825,
    23.56919379654586,
    22.537724504678028,
    5.496277827519745,
    0.3663482413641662,
    2.346153602898811,
    32.66976653346453,
    1.684249699008766,
    2.680571297449457,
    2.1015149912593167,
    0.07788141506455104,
    0.30499589380455094
  ],
  "meta": {
    "logs": [
      "play-20260112-142906.txt",
      "play-20260112-144944.txt",
      "play-20260112-205309.txt",
      "play-20260112-205858.txt",
      "play-20260112-213641.txt",
      "play-20260112-215428.txt",
      "play-20260112-220505.txt"
    ],
    "winner_only": false,
    "samples": 288,
    "take_rate": 0.1388888888888889,
    "train_accuracy": 0.7673611111111112
  }
}