{
  "feature_names": [
    "take_cost",
    "take_delta_cardpts",
    "tokens_on_card",
    "tokens_on_card_plus1",
    "deck_left",
    "my_tokens",
    "min_opp_tokens",
    "max_opp_tokens",
    "mean_opp_tokens",
    "token_gap",
    "min_tokens_after_pass",
    "max_tokens_after_pass",
    "token_gap_after_pass",
    "would_be_min_tokens",
    "my_score",
    "min_opp_score",
    "score_gap_to_leader",
    "score_gap_to_leader_norm",
    "has_cards",
    "edges_unknown_self",
    "edges_unknown_self_mul_deck",
    "edges_unknown_opp_min",
    "edges_unknown_opp_max",
    "edges_unknown_opp_mean",
    "lowtoken_term",
    "endgame_frac"
  ],
  "weights": [
    0.03886456994439306,
    0.039525694313500115,
    0.004569186275143318,
    0.004569186275143318,
    -0.08801954896423028,
    -0.1507760678612689,
    -0.0320837443198966,
    0.20100640522783966,
    0.16852512413493842,
    -0.08566315357555036,
    -0.13136561847523143,
    -0.13826141575001702,
    -0.07054868281819271,
    0.15414971299757937,
    0.21170163227894567,
    0.01241878963699196,
    0.18734985784664376,
    0.2632258004059222,
    -0.046511659997976865,
    -0.09840539936857878,
    -0.03838816871591651,
    -0.1175943786607319,
    0.10528534205919134,
    0.02002521263270162,
    -0.13221348958159315,
    0.08801954896423043
  ],
  "bias": 0.128080689888879,
  "mean": [
    14.072916666666666,
    19.385416666666668,
    5.3125,
    6.3125,
    14.57986111111111,
    15.67361111111111,
    2.9652777777777777,
    9.04861111111111,
    6.006944444444445,
    15.569444444444445,
    2.763888888888889,
    17.708333333333332,
    14.944444444444445,
    0.21180555555555555,
    20.569444444444443,
    19.118055555555557,
    1.4513888888888888,
    0.017712543662491323,
    0.8402777777777778,
    3.3472222222222223,
    40.22569444444444,
    1.9895833333333333,
    3.545138888888889,
    2.767361111111111,
    0.08988837180821736,
    0.36609299516908206
  ],
  "std": [
    10.99139005685561,
    11.491575832067875,
    5.9172168171456345,
    5.9172168171456345,
    7.014905557504673,
    8.723634771501105,
    3.0021131318078007,
    6.888325329771051,
    3.8222149043050107,
    9.559138136546633,
    2.8173226827549307,
    7.519303861100152,
    9.490329711063323,
    0.4085877655918707,
    21.32784850643825,
    23.569193796545864,
    22.53772450467803,
    5.496277827519746,
    0.3663482413641663,
    2.3461536028988106,
    32.669766533464546,
    1.6842496990087659,
    2.6805712974494575,
    2.1015149912593163,
    0.07788141506455104,
    0.3049958938045509
  ],
  "meta": {
    "logs": [
      "play-20260112-142906.txt",
      "play-20260112-144944.txt",
      "play-20260112-205309.txt",
      "play-20260112-205858.txt",
      "play-20260112-213641.txt",
      "play-20260112-215428.txt",
      "play-20260112-220505.txt"
    ],
    "winner_only": false,
    "invert_losses": true,
    "samples": 288,
    "take_rate": 0.6284722222222222,
    "train_accuracy": 0.7534722222222222
  }
}