{
  "feature_names": [
    "take_cost",
    "take_delta_cardpts",
    "tokens_on_card",
    "tokens_on_card_plus1",
    "deck_left",
    "my_tokens",
    "min_opp_tokens",
    "max_opp_tokens",
    "mean_opp_tokens",
    "token_gap",
    "min_tokens_after_pass",
    "max_tokens_after_pass",
    "token_gap_after_pass",
    "would_be_min_tokens",
    "my_score",
    "min_opp_score",
    "score_gap_to_leader",
    "score_gap_to_leader_norm",
    "has_cards",
    "edges_unknown_self",
    "edges_unknown_self_mul_deck",
    "edges_unknown_opp_min",
    "edges_unknown_opp_max",
    "edges_unknown_opp_mean",
    "lowtoken_term",
    "endgame_frac"
  ],
  "weights": [
    -2.0786665552456904,
    -1.0942215551760388,
    1.1796430798059372,
    1.4190718257931743,
    0.9365239213200665,
    -0.42490827842854406,
    -0.040793538138434594,
    0.026237079287712933,
    0.24105392382299276,
    0.008055034919473458,
    -1.1454794129511305,
    -0.6199787424760653,
    0.8460472019011533,
    -0.7366216314761082,
    -0.9396099341093141,
    0.10252194470681238,
    1.013357586141489,
    0.07172915494900473,
    -0.424957747261578,
    0.09986588438100594,
    -0.5401502721758166,
    1.015422621205669,
    0.6099434223684335,
    -0.8011342399614888,
    0.4376817760369742,
    0.04802009388834369
  ],
  "bias": -2.118666061600144,
  "mean": [
    14.072916666666666,
    19.385416666666668,
    5.3125,
    6.3125,
    14.57986111111111,
    15.67361111111111,
    2.9652777777777777,
    9.04861111111111,
    6.006944444444445,
    15.569444444444445,
    2.763888888888889,
    17.708333333333332,
    14.944444444444445,
    0.21180555555555555,
    20.569444444444443,
    19.118055555555557,
    1.4513888888888888,
    0.017712543662491323,
    0.8402777777777778,
    3.3472222222222223,
    40.22569444444444,
    1.9895833333333333,
    3.545138888888889,
    2.767361111111111,
    0.0898883718082174,
    0.36609299516908195
  ],
  "std": [
    10.991390056855614,
    11.491575832067877,
    5.9172168171456345,
    5.9172168171456345,
    7.014905557504672,
    8.723634771501105,
    3.0021131318078007,
    6.888325329771051,
    3.82221490430501,
    9.559138136546634,
    2.8173226827549307,
    7.519303861100152,
    9.490329711063328,
    0.40858776559187043,
    21.32784850643825,
    23.56919379654586,
    22.537724504678028,
    5.496277827519745,
    0.3663482413641662,
    2.346153602898811,
    32.66976653346453,
    1.684249699008766,
    2.680571297449457,
    2.1015149912593167,
    0.07788141506455104,
    0.30499589380455094
  ],
  "meta": {
    "base_model": "models/lr_opt.json",
    "method": "random_hill_climb",
    "games_per_seat": 200,
    "iters": 0,
    "sigma": 0.15,
    "sigma_bias": 0.15,
    "seed": 1,
    "eval_seed": 2,
    "base_winrate": 0.6266666666666667,
    "base_mean_score": 47.781666666666666,
    "best_winrate": 0.6266666666666667,
    "best_mean_score": 47.781666666666666
  }
}